Alex;02/05/2022 11:04:00Alex;02/05/2022 11:41:48Alex;02/05/2022 11:48:33;02/05/2022 11:50:18;
Alex;02/05/2022 11:52:30Alex;02/05/2022 14:13:50Alex;02/05/2022 14:38:41Alex;02/05/2022 16:50:45Alex;02/05/2022 16:52:52Alex;02/05/2022 16:54:37Alex;02/05/2022 17:05:33Alex;02/05/2022 17:08:09Alex;02/05/2022 17:11:00Alex;02/05/2022 17:11:29Alex;02/05/2022 17:12:40Alex;02/05/2022 17:16:29Alex;02/05/2022 17:18:51Alex;02/05/2022 17:20:58Alex;02/05/2022 17:22:06Alex;02/05/2022 17:23:55Alex;02/05/2022 17:25:50Alex;02/05/2022 17:27:16Alex;02/05/2022 17:27:42Alex;02/05/2022 17:31:53Alex;02/05/2022 17:35:31Alex;02/05/2022 17:36:19Alex;02/05/2022 17:37:19Alex;02/05/2022 17:44:45Alex;02/05/2022 17:53:34Alex;02/05/2022 18:07:01Alex;02/05/2022 18:08:47Alex;02/05/2022 18:11:26Alex;02/05/2022 18:25:50Alex;02/05/2022 18:26:49Alex;02/05/2022 18:27:15Alex;02/05/2022 18:28:11Alex;02/05/2022 18:28:45Alex;02/05/2022 18:32:12Alex;02/05/2022 18:33:23Alex;02/05/2022 18:39:35Alex;02/05/2022 19:14:33Alex;02/05/2022 19:15:36Alex;02/05/2022 19:21:25Alex;02/05/2022 19:22:03Alex;02/05/2022 19:23:04Alex;02/05/2022 19:28:46Alex;02/05/2022 19:35:22Alex;02/05/2022 19:35:57Alex;02/05/2022 19:36:21Alex;02/05/2022 19:37:32Alex;02/05/2022 19:38:48Alex;02/05/2022 19:39:50Alex;02/05/2022 19:41:08Alex;02/05/2022 19:46:47Alex;02/05/2022 19:47:56Alex;02/05/2022 19:49:15Alex;02/05/2022 19:54:19Alex;02/05/2022 19:54:34Alex;02/05/2022 19:55:30Alex;02/05/2022 19:56:04Alex;02/05/2022 20:00:03Alex;02/05/2022 20:00:20Alex;02/05/2022 20:02:24;02/05/2022 20:02:48;
Alex;02/05/2022 20:03:17Alex;02/05/2022 20:05:15Alex;02/05/2022 20:09:46Alex;02/05/2022 20:11:46Alex;02/05/2022 20:12:20Alex;02/05/2022 20:12:59Alex;02/05/2022 20:13:36Alex;02/05/2022 20:15:16;02/05/2022 20:15:53;
Alex;02/05/2022 20:16:40Alex;02/05/2022 20:17:34Alex;02/05/2022 20:18:23Alex;02/05/2022 20:19:38Alex;02/05/2022 20:20:08Alex;02/05/2022 20:21:33Alex;02/05/2022 20:25:53Alex;02/05/2022 20:27:09Alex;02/05/2022 20:28:04Alex;02/05/2022 20:30:26Alex;02/05/2022 20:31:41Alex;02/05/2022 20:32:14Alex;02/05/2022 20:32:29Alex;02/05/2022 20:40:22Alex;02/05/2022 20:41:23Alex;02/05/2022 20:46:17Alex;02/05/2022 20:50:07Alex;02/05/2022 20:51:46Alex;02/05/2022 20:52:19Alex;02/05/2022 20:56:56Alex;02/05/2022 21:15:37Alex;02/05/2022 21:16:17Alex;02/05/2022 21:16:57Alex;02/05/2022 21:17:30Alex;02/05/2022 21:19:16Alex;02/05/2022 21:22:30Alex;02/05/2022 21:22:55Alex;02/05/2022 21:23:37Alex;02/05/2022 21:24:19Alex;02/05/2022 21:24:48Alex;02/05/2022 21:25:01Alex;02/05/2022 21:25:28Alex;02/05/2022 21:26:24Alex;02/05/2022 21:26:41Alex;02/05/2022 21:29:05Alex;02/05/2022 21:29:47Alex;02/05/2022 21:31:45Alex;02/05/2022 21:33:24Alex;02/05/2022 21:37:48Alex;02/05/2022 21:38:19Alex;02/05/2022 21:39:59Alex;02/05/2022 21:41:14Alex;02/05/2022 21:43:36Alex;02/05/2022 21:47:34Alex;02/05/2022 22:17:39Alex;02/05/2022 22:20:18Alex;02/05/2022 22:21:53Alex;02/05/2022 22:22:26Alex;02/05/2022 22:23:48Alex;02/05/2022 22:24:38Alex;02/05/2022 22:25:06Alex;02/05/2022 22:25:53Alex;02/05/2022 22:27:14Alex;02/05/2022 22:28:28Alex;02/05/2022 22:30:01Alex;02/05/2022 22:31:19Alex;03/05/2022 18:08:32Alex;03/05/2022 18:39:39Alex;03/05/2022 18:43:05Alex;03/05/2022 18:57:17Alex;03/05/2022 18:59:39Alex;03/05/2022 19:03:04Alex;03/05/2022 19:07:24Alex;03/05/2022 19:09:59Alex;03/05/2022 19:16:53Alex;03/05/2022 19:18:06Alex;03/05/2022 19:18:54Alex;03/05/2022 19:20:22Alex;03/05/2022 19:20:34Alex;03/05/2022 19:21:30Alex;03/05/2022 19:21:42Alex;03/05/2022 19:22:36Alex;03/05/2022 19:24:54Alex;03/05/2022 19:28:08Alex;03/05/2022 19:28:56Alex;03/05/2022 19:30:07Alex;03/05/2022 19:31:35Alex;03/05/2022 19:32:31Alex;03/05/2022 19:35:10Alex;03/05/2022 19:36:04Alex;03/05/2022 19:37:10Alex;03/05/2022 19:37:32Alex;03/05/2022 19:38:11Alex;03/05/2022 19:38:28Alex;03/05/2022 19:39:32Alex;03/05/2022 19:40:40Alex;03/05/2022 19:41:11Alex;03/05/2022 19:44:22Alex;03/05/2022 19:56:04Alex;03/05/2022 20:01:30Alex;03/05/2022 20:05:12Alex;03/05/2022 20:37:41Alex;03/05/2022 20:39:10Alex;03/05/2022 20:40:49Alex;03/05/2022 20:41:33Alex;03/05/2022 20:42:17Alex;03/05/2022 20:43:29Alex;03/05/2022 20:44:47Alex;03/05/2022 20:45:38Alex;03/05/2022 20:47:17Alex;03/05/2022 20:48:06Alex;03/05/2022 20:50:12Alex;03/05/2022 20:50:32Alex;03/05/2022 20:50:55Alex;03/05/2022 20:54:00Alex;03/05/2022 20:55:23Alex;03/05/2022 20:55:42Alex;03/05/2022 20:57:04Alex;03/05/2022 21:00:55Alex;03/05/2022 21:03:51Alex;03/05/2022 21:04:22Alex;03/05/2022 21:05:14Alex;03/05/2022 21:06:34Alex;03/05/2022 21:12:20Alex;03/05/2022 21:16:45Alex;03/05/2022 21:20:07Alex;03/05/2022 21:24:32Alex;03/05/2022 21:25:50Alex;03/05/2022 21:27:45Alex;03/05/2022 21:29:45Alex;03/05/2022 21:31:04Alex;03/05/2022 21:32:00Alex;03/05/2022 21:32:56Alex;03/05/2022 21:34:41Alex;03/05/2022 21:36:13Alex;03/05/2022 21:46:35Alex;03/05/2022 21:49:36Alex;03/05/2022 21:50:53Alex;03/05/2022 21:55:41Alex;03/05/2022 21:58:41Alex;03/05/2022 22:03:14Alex;03/05/2022 22:09:46Alex;03/05/2022 22:14:57Alex;03/05/2022 22:18:13Alex;03/05/2022 22:23:39Alex;03/05/2022 22:24:46Alex;03/05/2022 22:28:04Alex;03/05/2022 22:30:43Alex;03/05/2022 22:39:00Alex;03/05/2022 22:40:19Alex;03/05/2022 22:41:32Alex;03/05/2022 22:43:28Alex;03/05/2022 22:44:01Alex;03/05/2022 22:45:14Alex;03/05/2022 22:46:05Alex;03/05/2022 22:47:00Alex;03/05/2022 22:47:23Alex;03/05/2022 22:47:44Alex;03/05/2022 22:48:49Alex;03/05/2022 22:51:02Alex;03/05/2022 22:51:18Alex;03/05/2022 22:51:55Alex;03/05/2022 22:52:53Alex;03/05/2022 22:53:27Alex;04/05/2022 17:47:19Alex;04/05/2022 17:48:15Alex;04/05/2022 17:54:13Alex;04/05/2022 17:55:11;04/05/2022 17:55:15;
Alex;04/05/2022 17:55:34;04/05/2022 17:55:37;
Alex;04/05/2022 17:56:03;04/05/2022 17:58:07;
Alex;04/05/2022 17:58:18;04/05/2022 17:58:50;
Alex;04/05/2022 17:59:03Alex;04/05/2022 18:03:32Alex;04/05/2022 18:04:34Alex;04/05/2022 18:29:43Alex;04/05/2022 18:59:26Alex;04/05/2022 18:59:53Alex;04/05/2022 19:10:53Alex;04/05/2022 19:16:07Alex;04/05/2022 19:17:14Alex;04/05/2022 19:34:12Alex;04/05/2022 19:37:17Alex;04/05/2022 19:38:06;04/05/2022 19:38:54;
Alex;04/05/2022 20:03:52;04/05/2022 20:04:27;
Alex;04/05/2022 20:58:29;04/05/2022 21:04:01;
Alex;04/05/2022 21:17:14Alex;04/05/2022 21:20:18Alex;04/05/2022 21:21:31;04/05/2022 21:22:28;
Alex;04/05/2022 21:22:31Alex;04/05/2022 21:24:01;04/05/2022 21:26:29;
Alex;04/05/2022 21:26:34Alex;04/05/2022 21:27:21;04/05/2022 21:27:31;
Alex;04/05/2022 21:30:01Alex;04/05/2022 21:30:12;04/05/2022 21:30:18;
Alex;04/05/2022 21:30:30;04/05/2022 21:30:32;
Alex;04/05/2022 21:30:42Alex;04/05/2022 21:31:07Alex;04/05/2022 21:31:55;04/05/2022 21:31:57;
Alex;04/05/2022 21:52:25Alex;04/05/2022 21:53:00Alex;04/05/2022 21:53:26;04/05/2022 21:53:52;
Alex;05/05/2022 20:14:07Alex;05/05/2022 20:19:49;05/05/2022 20:21:11;
Alex;05/05/2022 20:21:18;05/05/2022 20:21:56;
Alex;05/05/2022 20:22:04Alex;05/05/2022 20:22:48Alex;05/05/2022 20:25:04;05/05/2022 20:26:26;
Alex;05/05/2022 20:26:58Alex;05/05/2022 20:27:41;05/05/2022 20:28:17;
Alex;05/05/2022 20:28:41;05/05/2022 20:29:10;
Alex;05/05/2022 20:31:41Alex;05/05/2022 20:38:09;05/05/2022 20:38:12;
Alex;05/05/2022 20:38:16Alex;05/05/2022 20:39:53Alex;05/05/2022 20:42:21;05/05/2022 20:43:19;
Alex;05/05/2022 20:43:23;05/05/2022 20:46:02;
Alex;05/05/2022 20:48:33Alex;05/05/2022 20:51:08;05/05/2022 20:52:22;
;05/05/2022 20:52:22;
;05/05/2022 20:52:22;
;05/05/2022 20:52:22;
;05/05/2022 20:52:22;
;05/05/2022 20:52:22;
;05/05/2022 20:52:22;
;05/05/2022 20:52:22;
;05/05/2022 20:52:22;
;05/05/2022 20:52:22;
;05/05/2022 20:52:22;
;05/05/2022 20:52:22;
;05/05/2022 20:52:22;
;05/05/2022 20:52:22;
;05/05/2022 20:52:22;
;05/05/2022 20:52:22;
;05/05/2022 20:52:22;
;05/05/2022 20:52:22;
;05/05/2022 20:52:22;
;05/05/2022 20:52:22;
;05/05/2022 20:52:22;
;05/05/2022 20:52:22;
;05/05/2022 20:52:22;
;05/05/2022 20:52:22;
;05/05/2022 20:52:22;
;05/05/2022 20:52:22;
;05/05/2022 20:52:22;
;05/05/2022 20:52:22;
;05/05/2022 20:52:22;
;05/05/2022 20:52:22;
;05/05/2022 20:52:22;
;05/05/2022 20:52:22;
;05/05/2022 20:52:22;
;05/05/2022 20:52:22;
;05/05/2022 20:52:22;
;05/05/2022 20:52:22;
;05/05/2022 20:52:22;
;05/05/2022 20:52:22;
;05/05/2022 20:52:22;
;05/05/2022 20:52:22;
;05/05/2022 20:52:22;
;05/05/2022 20:52:22;
;05/05/2022 20:52:22;
;05/05/2022 20:52:22;
;05/05/2022 20:52:22;
;05/05/2022 20:52:22;
;05/05/2022 20:52:22;
;05/05/2022 20:52:22;
;05/05/2022 20:52:22;
;05/05/2022 20:52:22;
;05/05/2022 20:52:22;
;05/05/2022 20:52:22;
;05/05/2022 20:52:22;
;05/05/2022 20:52:22;
;05/05/2022 20:52:22;
;05/05/2022 20:52:22;
;05/05/2022 20:52:22;
;05/05/2022 20:52:22;
;05/05/2022 20:52:22;
;05/05/2022 20:52:22;
;05/05/2022 20:52:22;
;05/05/2022 20:52:22;
;05/05/2022 20:52:22;
;05/05/2022 20:52:22;
;05/05/2022 20:52:22;
;05/05/2022 20:52:22;
;05/05/2022 20:52:22;
;05/05/2022 20:52:22;
;05/05/2022 20:52:22;
;05/05/2022 20:52:22;
;05/05/2022 20:52:22;
;05/05/2022 20:52:22;
;05/05/2022 20:52:22;
;05/05/2022 20:52:22;
;05/05/2022 20:52:22;
;05/05/2022 20:52:22;
;05/05/2022 20:52:22;
;05/05/2022 20:52:22;
;05/05/2022 20:52:22;
;05/05/2022 20:52:22;
;05/05/2022 20:52:22;
;05/05/2022 20:52:22;
;05/05/2022 20:52:22;
;05/05/2022 20:52:22;
;05/05/2022 20:52:22;
;05/05/2022 20:52:22;
;05/05/2022 20:52:22;
;05/05/2022 20:52:22;
;05/05/2022 20:52:22;
;05/05/2022 20:52:22;
;05/05/2022 20:52:22;
;05/05/2022 20:52:22;
;05/05/2022 20:52:22;
;05/05/2022 20:52:22;
;05/05/2022 20:52:22;
;05/05/2022 20:52:22;
;05/05/2022 20:52:22;
;05/05/2022 20:52:22;
;05/05/2022 20:52:22;
;05/05/2022 20:52:22;
;05/05/2022 20:52:22;
;05/05/2022 20:52:22;
;05/05/2022 20:52:22;
;05/05/2022 20:52:22;
;05/05/2022 20:52:22;
;05/05/2022 20:52:22;
;05/05/2022 20:52:22;
;05/05/2022 20:52:22;
;05/05/2022 20:52:22;
;05/05/2022 20:52:22;
;05/05/2022 20:52:22;
;05/05/2022 20:52:22;
;05/05/2022 20:52:22;
;05/05/2022 20:52:22;
;05/05/2022 20:52:22;
;05/05/2022 20:52:22;
;05/05/2022 20:52:22;
;05/05/2022 20:52:22;
;05/05/2022 20:52:22;
;05/05/2022 20:52:22;
;05/05/2022 20:52:22;
;05/05/2022 20:52:22;
;05/05/2022 20:52:22;
;05/05/2022 20:52:22;
;05/05/2022 20:52:22;
;05/05/2022 20:52:22;
;05/05/2022 20:52:22;
;05/05/2022 20:52:22;
;05/05/2022 20:52:22;
;05/05/2022 20:52:22;
;05/05/2022 20:52:22;
;05/05/2022 20:52:22;
;05/05/2022 20:52:22;
;05/05/2022 20:52:22;
;05/05/2022 20:52:22;
;05/05/2022 20:52:22;
;05/05/2022 20:52:22;
;05/05/2022 20:52:22;
;05/05/2022 20:52:22;
;05/05/2022 20:52:22;
;05/05/2022 20:52:22;
;05/05/2022 20:52:22;
;05/05/2022 20:52:22;
;05/05/2022 20:52:22;
;05/05/2022 20:52:22;
;05/05/2022 20:52:22;
;05/05/2022 20:52:22;
;05/05/2022 20:52:22;
;05/05/2022 20:52:22;
;05/05/2022 20:52:22;
;05/05/2022 20:52:22;
;05/05/2022 20:52:22;
;05/05/2022 20:52:22;
;05/05/2022 20:52:22;
;05/05/2022 20:52:22;
;05/05/2022 20:52:22;
;05/05/2022 20:52:22;
;05/05/2022 20:52:22;
;05/05/2022 20:52:22;
;05/05/2022 20:52:22;
;05/05/2022 20:52:22;
;05/05/2022 20:52:22;
;05/05/2022 20:52:22;
;05/05/2022 20:52:22;
;05/05/2022 20:52:22;
;05/05/2022 20:52:22;
;05/05/2022 20:52:22;
;05/05/2022 20:52:22;
;05/05/2022 20:52:22;
;05/05/2022 20:52:22;
;05/05/2022 20:52:22;
;05/05/2022 20:52:22;
;05/05/2022 20:52:22;
;05/05/2022 20:52:22;
;05/05/2022 20:52:22;
;05/05/2022 20:52:22;
;05/05/2022 20:52:22;
;05/05/2022 20:52:22;
;05/05/2022 20:52:22;
;05/05/2022 20:52:22;
;05/05/2022 20:52:22;
;05/05/2022 20:52:22;
;05/05/2022 20:52:22;
;05/05/2022 20:52:22;
;05/05/2022 20:52:22;
;05/05/2022 20:52:22;
;05/05/2022 20:52:22;
;05/05/2022 20:52:22;
;05/05/2022 20:52:22;
;05/05/2022 20:52:22;
;05/05/2022 20:52:22;
;05/05/2022 20:52:22;
;05/05/2022 20:52:22;
;05/05/2022 20:52:22;
;05/05/2022 20:52:22;
;05/05/2022 20:52:22;
;05/05/2022 20:52:22;
;05/05/2022 20:52:22;
;05/05/2022 20:52:22;
;05/05/2022 20:52:22;
;05/05/2022 20:52:22;
;05/05/2022 20:52:22;
;05/05/2022 20:52:22;
;05/05/2022 20:52:22;
;05/05/2022 20:52:22;
;05/05/2022 20:52:22;
;05/05/2022 20:52:22;
;05/05/2022 20:52:22;
;05/05/2022 20:52:22;
;05/05/2022 20:52:22;
;05/05/2022 20:52:22;
;05/05/2022 20:52:22;
;05/05/2022 20:52:22;
;05/05/2022 20:52:22;
;05/05/2022 20:52:22;
;05/05/2022 20:52:22;
;05/05/2022 20:52:22;
;05/05/2022 20:52:22;
;05/05/2022 20:52:22;
;05/05/2022 20:52:22;
;05/05/2022 20:52:22;
;05/05/2022 20:52:22;
;05/05/2022 20:52:22;
;05/05/2022 20:52:22;
;05/05/2022 20:52:22;
;05/05/2022 20:52:22;
;05/05/2022 20:52:22;
;05/05/2022 20:52:22;
;05/05/2022 20:52:22;
;05/05/2022 20:52:22;
;05/05/2022 20:52:22;
;05/05/2022 20:52:22;
;05/05/2022 20:52:22;
;05/05/2022 20:52:22;
;05/05/2022 20:52:22;
;05/05/2022 20:52:22;
;05/05/2022 20:52:22;
;05/05/2022 20:52:22;
;05/05/2022 20:52:22;
;05/05/2022 20:52:22;
;05/05/2022 20:52:22;
;05/05/2022 20:52:22;
;05/05/2022 20:52:22;
;05/05/2022 20:52:22;
;05/05/2022 20:52:22;
;05/05/2022 20:52:22;
;05/05/2022 20:52:22;
;05/05/2022 20:52:22;
;05/05/2022 20:52:22;
;05/05/2022 20:52:22;
;05/05/2022 20:52:22;
;05/05/2022 20:52:22;
;05/05/2022 20:52:22;
;05/05/2022 20:52:22;
;05/05/2022 20:52:22;
;05/05/2022 20:52:22;
;05/05/2022 20:52:22;
;05/05/2022 20:52:22;
;05/05/2022 20:52:22;
;05/05/2022 20:52:22;
;05/05/2022 20:52:22;
;05/05/2022 20:52:22;
;05/05/2022 20:52:22;
;05/05/2022 20:52:22;
;05/05/2022 20:52:22;
;05/05/2022 20:52:22;
;05/05/2022 20:52:22;
;05/05/2022 20:52:22;
;05/05/2022 20:52:22;
;05/05/2022 20:52:22;
;05/05/2022 20:52:22;
;05/05/2022 20:52:22;
;05/05/2022 20:52:22;
;05/05/2022 20:52:22;
;05/05/2022 20:52:22;
;05/05/2022 20:52:22;
;05/05/2022 20:52:22;
;05/05/2022 20:52:22;
;05/05/2022 20:52:22;
;05/05/2022 20:52:22;
;05/05/2022 20:52:22;
;05/05/2022 20:52:22;
;05/05/2022 20:52:22;
;05/05/2022 20:52:22;
;05/05/2022 20:52:22;
;05/05/2022 20:52:22;
;05/05/2022 20:52:22;
;05/05/2022 20:52:22;
;05/05/2022 20:52:22;
;05/05/2022 20:52:22;
;05/05/2022 20:52:22;
;05/05/2022 20:52:22;
;05/05/2022 20:52:22;
;05/05/2022 20:52:22;
;05/05/2022 20:52:22;
;05/05/2022 20:52:22;
;05/05/2022 20:52:22;
;05/05/2022 20:52:22;
;05/05/2022 20:52:22;
;05/05/2022 20:52:22;
;05/05/2022 20:52:22;
;05/05/2022 20:52:22;
;05/05/2022 20:52:22;
;05/05/2022 20:52:22;
;05/05/2022 20:52:22;
;05/05/2022 20:52:22;
;05/05/2022 20:52:22;
;05/05/2022 20:52:22;
;05/05/2022 20:52:22;
;05/05/2022 20:52:22;
;05/05/2022 20:52:22;
;05/05/2022 20:52:22;
;05/05/2022 20:52:22;
;05/05/2022 20:52:22;
;05/05/2022 20:52:22;
;05/05/2022 20:52:22;
;05/05/2022 20:52:22;
;05/05/2022 20:52:22;
;05/05/2022 20:52:22;
;05/05/2022 20:52:22;
;05/05/2022 20:52:22;
;05/05/2022 20:52:22;
;05/05/2022 20:52:22;
;05/05/2022 20:52:22;
;05/05/2022 20:52:22;
;05/05/2022 20:52:22;
;05/05/2022 20:52:22;
;05/05/2022 20:52:22;
;05/05/2022 20:52:22;
;05/05/2022 20:52:22;
;05/05/2022 20:52:22;
;05/05/2022 20:52:22;
;05/05/2022 20:52:22;
;05/05/2022 20:52:22;
;05/05/2022 20:52:22;
;05/05/2022 20:52:22;
;05/05/2022 20:52:22;
;05/05/2022 20:52:22;
;05/05/2022 20:52:22;
;05/05/2022 20:52:22;
;05/05/2022 20:52:22;
;05/05/2022 20:52:22;
;05/05/2022 20:52:22;
;05/05/2022 20:52:22;
;05/05/2022 20:52:22;
;05/05/2022 20:52:22;
;05/05/2022 20:52:22;
;05/05/2022 20:52:22;
;05/05/2022 20:52:22;
;05/05/2022 20:52:22;
;05/05/2022 20:52:22;
;05/05/2022 20:52:22;
;05/05/2022 20:52:22;
;05/05/2022 20:52:22;
;05/05/2022 20:52:22;
;05/05/2022 20:52:22;
;05/05/2022 20:52:22;
;05/05/2022 20:52:22;
;05/05/2022 20:52:22;
;05/05/2022 20:52:22;
;05/05/2022 20:52:22;
;05/05/2022 20:52:22;
;05/05/2022 20:52:22;
;05/05/2022 20:52:22;
;05/05/2022 20:52:22;
;05/05/2022 20:52:22;
;05/05/2022 20:52:22;
;05/05/2022 20:52:22;
;05/05/2022 20:52:22;
;05/05/2022 20:52:22;
;05/05/2022 20:52:22;
;05/05/2022 20:52:22;
;05/05/2022 20:52:22;
;05/05/2022 20:52:22;
;05/05/2022 20:52:22;
;05/05/2022 20:52:22;
;05/05/2022 20:52:22;
;05/05/2022 20:52:22;
;05/05/2022 20:52:22;
;05/05/2022 20:52:22;
;05/05/2022 20:52:22;
;05/05/2022 20:52:22;
;05/05/2022 20:52:22;
;05/05/2022 20:52:22;
;05/05/2022 20:52:22;
;05/05/2022 20:52:22;
;05/05/2022 20:52:22;
;05/05/2022 20:52:22;
;05/05/2022 20:52:22;
;05/05/2022 20:52:22;
;05/05/2022 20:52:22;
;05/05/2022 20:52:22;
;05/05/2022 20:52:22;
;05/05/2022 20:52:22;
;05/05/2022 20:52:22;
;05/05/2022 20:52:22;
;05/05/2022 20:52:22;
;05/05/2022 20:52:22;
;05/05/2022 20:52:22;
;05/05/2022 20:52:22;
;05/05/2022 20:52:22;
;05/05/2022 20:52:22;
;05/05/2022 20:52:22;
;05/05/2022 20:52:22;
;05/05/2022 20:52:22;
;05/05/2022 20:52:22;
;05/05/2022 20:52:22;
;05/05/2022 20:52:22;
;05/05/2022 20:52:22;
;05/05/2022 20:52:22;
;05/05/2022 20:52:22;
;05/05/2022 20:52:22;
;05/05/2022 20:52:22;
;05/05/2022 20:52:22;
;05/05/2022 20:52:22;
;05/05/2022 20:52:22;
;05/05/2022 20:52:22;
;05/05/2022 20:52:22;
;05/05/2022 20:52:22;
;05/05/2022 20:52:22;
;05/05/2022 20:52:22;
;05/05/2022 20:52:22;
;05/05/2022 20:52:22;
;05/05/2022 20:52:22;
;05/05/2022 20:52:22;
;05/05/2022 20:52:22;
;05/05/2022 20:52:22;
;05/05/2022 20:52:22;
;05/05/2022 20:52:22;
;05/05/2022 20:52:22;
;05/05/2022 20:52:22;
;05/05/2022 20:52:22;
;05/05/2022 20:52:22;
;05/05/2022 20:52:22;
;05/05/2022 20:52:22;
;05/05/2022 20:52:22;
;05/05/2022 20:52:22;
;05/05/2022 20:52:22;
;05/05/2022 20:52:22;
;05/05/2022 20:52:22;
;05/05/2022 20:52:22;
;05/05/2022 20:52:22;
;05/05/2022 20:52:22;
;05/05/2022 20:52:22;
;05/05/2022 20:52:22;
;05/05/2022 20:52:22;
;05/05/2022 20:52:22;
;05/05/2022 20:52:22;
;05/05/2022 20:52:22;
;05/05/2022 20:52:22;
;05/05/2022 20:52:22;
;05/05/2022 20:52:22;
;05/05/2022 20:52:22;
;05/05/2022 20:52:22;
;05/05/2022 20:52:22;
;05/05/2022 20:52:22;
;05/05/2022 20:52:22;
;05/05/2022 20:52:22;
;05/05/2022 20:52:22;
;05/05/2022 20:52:22;
;05/05/2022 20:52:22;
;05/05/2022 20:52:22;
;05/05/2022 20:52:22;
;05/05/2022 20:52:22;
;05/05/2022 20:52:22;
;05/05/2022 20:52:22;
;05/05/2022 20:52:22;
;05/05/2022 20:52:22;
;05/05/2022 20:52:22;
;05/05/2022 20:52:22;
;05/05/2022 20:52:22;
;05/05/2022 20:52:22;
;05/05/2022 20:52:22;
;05/05/2022 20:52:22;
;05/05/2022 20:52:22;
;05/05/2022 20:52:22;
;05/05/2022 20:52:22;
;05/05/2022 20:52:22;
;05/05/2022 20:52:22;
;05/05/2022 20:52:22;
;05/05/2022 20:52:22;
;05/05/2022 20:52:22;
;05/05/2022 20:52:22;
;05/05/2022 20:52:22;
;05/05/2022 20:52:22;
;05/05/2022 20:52:22;
;05/05/2022 20:52:22;
;05/05/2022 20:52:22;
;05/05/2022 20:52:22;
;05/05/2022 20:52:22;
;05/05/2022 20:52:22;
;05/05/2022 20:52:22;
;05/05/2022 20:52:22;
;05/05/2022 20:52:22;
;05/05/2022 20:52:22;
;05/05/2022 20:52:22;
;05/05/2022 20:52:22;
;05/05/2022 20:52:22;
;05/05/2022 20:52:22;
;05/05/2022 20:52:22;
;05/05/2022 20:52:22;
;05/05/2022 20:52:22;
;05/05/2022 20:52:22;
;05/05/2022 20:52:22;
;05/05/2022 20:52:22;
;05/05/2022 20:52:22;
;05/05/2022 20:52:22;
;05/05/2022 20:52:22;
;05/05/2022 20:52:22;
;05/05/2022 20:52:22;
;05/05/2022 20:52:22;
;05/05/2022 20:52:22;
;05/05/2022 20:52:22;
;05/05/2022 20:52:22;
;05/05/2022 20:52:22;
;05/05/2022 20:52:22;
;05/05/2022 20:52:22;
;05/05/2022 20:52:22;
;05/05/2022 20:52:22;
;05/05/2022 20:52:22;
;05/05/2022 20:52:22;
;05/05/2022 20:52:22;
;05/05/2022 20:52:22;
;05/05/2022 20:52:22;
;05/05/2022 20:52:22;
;05/05/2022 20:52:22;
;05/05/2022 20:52:22;
;05/05/2022 20:52:22;
;05/05/2022 20:52:22;
;05/05/2022 20:52:22;
;05/05/2022 20:52:22;
;05/05/2022 20:52:22;
;05/05/2022 20:52:22;
;05/05/2022 20:52:22;
;05/05/2022 20:52:22;
;05/05/2022 20:52:22;
;05/05/2022 20:52:22;
;05/05/2022 20:52:22;
;05/05/2022 20:52:22;
;05/05/2022 20:52:22;
;05/05/2022 20:52:22;
;05/05/2022 20:52:22;
;05/05/2022 20:52:22;
;05/05/2022 20:52:22;
;05/05/2022 20:52:22;
;05/05/2022 20:52:22;
;05/05/2022 20:52:22;
;05/05/2022 20:52:22;
;05/05/2022 20:52:22;
;05/05/2022 20:52:22;
;05/05/2022 20:52:22;
;05/05/2022 20:52:22;
;05/05/2022 20:52:22;
;05/05/2022 20:52:22;
;05/05/2022 20:52:22;
;05/05/2022 20:52:22;
;05/05/2022 20:52:22;
;05/05/2022 20:52:22;
;05/05/2022 20:52:22;
;05/05/2022 20:52:22;
;05/05/2022 20:52:22;
;05/05/2022 20:52:22;
;05/05/2022 20:52:22;
;05/05/2022 20:52:22;
;05/05/2022 20:52:22;
;05/05/2022 20:52:22;
;05/05/2022 20:52:22;
;05/05/2022 20:52:22;
;05/05/2022 20:52:22;
;05/05/2022 20:52:22;
;05/05/2022 20:52:22;
;05/05/2022 20:52:22;
;05/05/2022 20:52:22;
;05/05/2022 20:52:22;
;05/05/2022 20:52:22;
;05/05/2022 20:52:22;
;05/05/2022 20:52:22;
;05/05/2022 20:52:22;
;05/05/2022 20:52:22;
;05/05/2022 20:52:22;
;05/05/2022 20:52:22;
;05/05/2022 20:52:22;
;05/05/2022 20:52:22;
;05/05/2022 20:52:22;
;05/05/2022 20:52:22;
;05/05/2022 20:52:22;
;05/05/2022 20:52:22;
;05/05/2022 20:52:22;
;05/05/2022 20:52:22;
;05/05/2022 20:52:22;
;05/05/2022 20:52:22;
;05/05/2022 20:52:22;
;05/05/2022 20:52:22;
;05/05/2022 20:52:22;
;05/05/2022 20:52:22;
;05/05/2022 20:52:22;
;05/05/2022 20:52:22;
;05/05/2022 20:52:22;
;05/05/2022 20:52:22;
;05/05/2022 20:52:22;
;05/05/2022 20:52:22;
;05/05/2022 20:52:22;
;05/05/2022 20:52:22;
;05/05/2022 20:52:22;
;05/05/2022 20:52:22;
;05/05/2022 20:52:22;
;05/05/2022 20:52:22;
;05/05/2022 20:52:22;
;05/05/2022 20:52:22;
;05/05/2022 20:52:22;
;05/05/2022 20:52:22;
;05/05/2022 20:52:22;
;05/05/2022 20:52:22;
;05/05/2022 20:52:22;
;05/05/2022 20:52:22;
;05/05/2022 20:52:22;
;05/05/2022 20:52:22;
;05/05/2022 20:52:22;
;05/05/2022 20:52:22;
;05/05/2022 20:52:22;
;05/05/2022 20:52:22;
;05/05/2022 20:52:22;
;05/05/2022 20:52:22;
;05/05/2022 20:52:22;
;05/05/2022 20:52:22;
;05/05/2022 20:52:22;
;05/05/2022 20:52:22;
;05/05/2022 20:52:22;
;05/05/2022 20:52:22;
;05/05/2022 20:52:22;
;05/05/2022 20:52:22;
;05/05/2022 20:52:22;
;05/05/2022 20:52:22;
;05/05/2022 20:52:22;
;05/05/2022 20:52:22;
;05/05/2022 20:52:22;
;05/05/2022 20:52:22;
;05/05/2022 20:52:22;
;05/05/2022 20:52:22;
;05/05/2022 20:52:22;
;05/05/2022 20:52:22;
;05/05/2022 20:52:22;
;05/05/2022 20:52:22;
;05/05/2022 20:52:22;
;05/05/2022 20:52:22;
;05/05/2022 20:52:22;
;05/05/2022 20:52:22;
;05/05/2022 20:52:22;
;05/05/2022 20:52:22;
;05/05/2022 20:52:22;
;05/05/2022 20:52:22;
;05/05/2022 20:52:22;
;05/05/2022 20:52:22;
;05/05/2022 20:52:22;
;05/05/2022 20:52:22;
;05/05/2022 20:52:22;
;05/05/2022 20:52:22;
;05/05/2022 20:52:22;
;05/05/2022 20:52:22;
;05/05/2022 20:52:22;
;05/05/2022 20:52:22;
;05/05/2022 20:52:22;
;05/05/2022 20:52:22;
;05/05/2022 20:52:22;
;05/05/2022 20:52:22;
;05/05/2022 20:52:22;
;05/05/2022 20:52:22;
;05/05/2022 20:52:22;
;05/05/2022 20:52:22;
;05/05/2022 20:52:22;
;05/05/2022 20:52:22;
;05/05/2022 20:52:22;
;05/05/2022 20:52:22;
;05/05/2022 20:52:22;
;05/05/2022 20:52:22;
;05/05/2022 20:52:22;
;05/05/2022 20:52:22;
;05/05/2022 20:52:22;
;05/05/2022 20:52:22;
;05/05/2022 20:52:22;
;05/05/2022 20:52:22;
;05/05/2022 20:52:22;
;05/05/2022 20:52:22;
;05/05/2022 20:52:22;
;05/05/2022 20:52:22;
;05/05/2022 20:52:22;
;05/05/2022 20:52:22;
;05/05/2022 20:52:22;
;05/05/2022 20:52:22;
;05/05/2022 20:52:22;
;05/05/2022 20:52:22;
;05/05/2022 20:52:22;
;05/05/2022 20:52:22;
;05/05/2022 20:52:22;
;05/05/2022 20:52:22;
;05/05/2022 20:52:22;
;05/05/2022 20:52:22;
;05/05/2022 20:52:22;
;05/05/2022 20:52:22;
;05/05/2022 20:52:22;
;05/05/2022 20:52:22;
;05/05/2022 20:52:22;
;05/05/2022 20:52:22;
;05/05/2022 20:52:22;
;05/05/2022 20:52:22;
;05/05/2022 20:52:22;
;05/05/2022 20:52:22;
;05/05/2022 20:52:22;
;05/05/2022 20:52:22;
;05/05/2022 20:52:22;
;05/05/2022 20:52:22;
;05/05/2022 20:52:22;
;05/05/2022 20:52:22;
;05/05/2022 20:52:22;
;05/05/2022 20:52:22;
;05/05/2022 20:52:22;
;05/05/2022 20:52:22;
;05/05/2022 20:52:22;
;05/05/2022 20:52:22;
;05/05/2022 20:52:22;
;05/05/2022 20:52:22;
;05/05/2022 20:52:22;
;05/05/2022 20:52:22;
;05/05/2022 20:52:22;
;05/05/2022 20:52:22;
;05/05/2022 20:52:22;
;05/05/2022 20:52:22;
;05/05/2022 20:52:22;
;05/05/2022 20:52:22;
;05/05/2022 20:52:22;
;05/05/2022 20:52:22;
;05/05/2022 20:52:22;
;05/05/2022 20:52:22;
;05/05/2022 20:52:22;
;05/05/2022 20:52:22;
;05/05/2022 20:52:22;
;05/05/2022 20:52:22;
;05/05/2022 20:52:22;
;05/05/2022 20:52:22;
;05/05/2022 20:52:22;
;05/05/2022 20:52:22;
;05/05/2022 20:52:22;
;05/05/2022 20:52:22;
;05/05/2022 20:52:22;
;05/05/2022 20:52:22;
;05/05/2022 20:52:22;
;05/05/2022 20:52:22;
;05/05/2022 20:52:22;
;05/05/2022 20:52:22;
;05/05/2022 20:52:22;
;05/05/2022 20:52:22;
;05/05/2022 20:52:22;
;05/05/2022 20:52:22;
;05/05/2022 20:52:22;
;05/05/2022 20:52:22;
;05/05/2022 20:52:22;
;05/05/2022 20:52:22;
;05/05/2022 20:52:22;
;05/05/2022 20:52:22;
;05/05/2022 20:52:22;
;05/05/2022 20:52:22;
;05/05/2022 20:52:22;
;05/05/2022 20:52:22;
;05/05/2022 20:52:22;
;05/05/2022 20:52:22;
;05/05/2022 20:52:22;
;05/05/2022 20:52:22;
;05/05/2022 20:52:22;
;05/05/2022 20:52:22;
;05/05/2022 20:52:22;
;05/05/2022 20:52:22;
;05/05/2022 20:52:22;
;05/05/2022 20:52:22;
;05/05/2022 20:52:22;
;05/05/2022 20:52:22;
;05/05/2022 20:52:22;
;05/05/2022 20:52:22;
;05/05/2022 20:52:22;
;05/05/2022 20:52:22;
;05/05/2022 20:52:22;
;05/05/2022 20:52:22;
;05/05/2022 20:52:22;
;05/05/2022 20:52:22;
;05/05/2022 20:52:22;
;05/05/2022 20:52:22;
;05/05/2022 20:52:22;
;05/05/2022 20:52:22;
;05/05/2022 20:52:22;
;05/05/2022 20:52:22;
;05/05/2022 20:52:22;
;05/05/2022 20:52:22;
;05/05/2022 20:52:22;
;05/05/2022 20:52:22;
;05/05/2022 20:52:22;
;05/05/2022 20:52:22;
;05/05/2022 20:52:22;
;05/05/2022 20:52:22;
;05/05/2022 20:52:22;
;05/05/2022 20:52:22;
;05/05/2022 20:52:22;
;05/05/2022 20:52:22;
;05/05/2022 20:52:22;
;05/05/2022 20:52:22;
;05/05/2022 20:52:22;
;05/05/2022 20:52:22;
;05/05/2022 20:52:22;
;05/05/2022 20:52:22;
;05/05/2022 20:52:22;
;05/05/2022 20:52:22;
;05/05/2022 20:52:22;
;05/05/2022 20:52:22;
;05/05/2022 20:52:22;
;05/05/2022 20:52:22;
;05/05/2022 20:52:22;
;05/05/2022 20:52:22;
;05/05/2022 20:52:22;
;05/05/2022 20:52:22;
;05/05/2022 20:52:22;
;05/05/2022 20:52:22;
;05/05/2022 20:52:22;
;05/05/2022 20:52:22;
;05/05/2022 20:52:22;
;05/05/2022 20:52:22;
;05/05/2022 20:52:22;
;05/05/2022 20:52:22;
;05/05/2022 20:52:22;
;05/05/2022 20:52:22;
;05/05/2022 20:52:22;
;05/05/2022 20:52:22;
;05/05/2022 20:52:22;
;05/05/2022 20:52:22;
;05/05/2022 20:52:22;
;05/05/2022 20:52:22;
;05/05/2022 20:52:22;
;05/05/2022 20:52:22;
;05/05/2022 20:52:22;
;05/05/2022 20:52:22;
;05/05/2022 20:52:22;
;05/05/2022 20:52:22;
;05/05/2022 20:52:22;
;05/05/2022 20:52:22;
;05/05/2022 20:52:22;
;05/05/2022 20:52:22;
;05/05/2022 20:52:22;
;05/05/2022 20:52:22;
;05/05/2022 20:52:22;
;05/05/2022 20:52:22;
;05/05/2022 20:52:22;
;05/05/2022 20:52:22;
;05/05/2022 20:52:22;
;05/05/2022 20:52:22;
;05/05/2022 20:52:22;
;05/05/2022 20:52:22;
;05/05/2022 20:52:22;
;05/05/2022 20:52:22;
;05/05/2022 20:52:22;
;05/05/2022 20:52:22;
;05/05/2022 20:52:22;
;05/05/2022 20:52:22;
;05/05/2022 20:52:22;
;05/05/2022 20:52:22;
;05/05/2022 20:52:22;
;05/05/2022 20:52:22;
;05/05/2022 20:52:22;
;05/05/2022 20:52:22;
;05/05/2022 20:52:22;
;05/05/2022 20:52:22;
;05/05/2022 20:52:22;
;05/05/2022 20:52:22;
;05/05/2022 20:52:22;
;05/05/2022 20:52:22;
;05/05/2022 20:52:22;
;05/05/2022 20:52:22;
;05/05/2022 20:52:22;
;05/05/2022 20:52:22;
;05/05/2022 20:52:22;
;05/05/2022 20:52:22;
;05/05/2022 20:52:22;
;05/05/2022 20:52:22;
;05/05/2022 20:52:22;
;05/05/2022 20:52:22;
;05/05/2022 20:52:22;
;05/05/2022 20:52:22;
;05/05/2022 20:52:22;
;05/05/2022 20:52:22;
;05/05/2022 20:52:22;
;05/05/2022 20:52:22;
;05/05/2022 20:52:22;
;05/05/2022 20:52:22;
;05/05/2022 20:52:22;
;05/05/2022 20:52:22;
;05/05/2022 20:52:22;
;05/05/2022 20:52:22;
;05/05/2022 20:52:22;
;05/05/2022 20:52:22;
;05/05/2022 20:52:22;
;05/05/2022 20:52:22;
;05/05/2022 20:52:22;
;05/05/2022 20:52:22;
;05/05/2022 20:52:22;
;05/05/2022 20:52:22;
;05/05/2022 20:52:22;
;05/05/2022 20:52:22;
;05/05/2022 20:52:22;
;05/05/2022 20:52:22;
;05/05/2022 20:52:22;
;05/05/2022 20:52:22;
;05/05/2022 20:52:22;
;05/05/2022 20:52:22;
;05/05/2022 20:52:22;
;05/05/2022 20:52:22;
;05/05/2022 20:52:22;
;05/05/2022 20:52:22;
;05/05/2022 20:52:22;
;05/05/2022 20:52:22;
;05/05/2022 20:52:22;
;05/05/2022 20:52:22;
;05/05/2022 20:52:22;
;05/05/2022 20:52:22;
;05/05/2022 20:52:22;
;05/05/2022 20:52:22;
;05/05/2022 20:52:22;
;05/05/2022 20:52:22;
;05/05/2022 20:52:22;
;05/05/2022 20:52:22;
;05/05/2022 20:52:22;
;05/05/2022 20:52:22;
;05/05/2022 20:52:22;
;05/05/2022 20:52:22;
;05/05/2022 20:52:22;
;05/05/2022 20:52:22;
;05/05/2022 20:52:22;
;05/05/2022 20:52:22;
;05/05/2022 20:52:22;
;05/05/2022 20:52:22;
;05/05/2022 20:52:22;
;05/05/2022 20:52:22;
;05/05/2022 20:52:22;
;05/05/2022 20:52:22;
;05/05/2022 20:52:22;
;05/05/2022 20:52:22;
;05/05/2022 20:52:22;
;05/05/2022 20:52:22;
;05/05/2022 20:52:22;
;05/05/2022 20:52:22;
;05/05/2022 20:52:22;
;05/05/2022 20:52:22;
;05/05/2022 20:52:22;
;05/05/2022 20:52:22;
;05/05/2022 20:52:22;
;05/05/2022 20:52:22;
;05/05/2022 20:52:22;
;05/05/2022 20:52:22;
;05/05/2022 20:52:22;
;05/05/2022 20:52:22;
;05/05/2022 20:52:22;
;05/05/2022 20:52:22;
;05/05/2022 20:52:22;
;05/05/2022 20:52:22;
;05/05/2022 20:52:22;
;05/05/2022 20:52:22;
;05/05/2022 20:52:22;
;05/05/2022 20:52:22;
Alex;05/05/2022 20:53:22;05/05/2022 20:53:26;
Alex;05/05/2022 20:53:31;05/05/2022 20:55:32;
Alex;05/05/2022 20:55:37Alex;05/05/2022 20:58:50Alex;05/05/2022 21:00:26Alex;05/05/2022 21:02:22;05/05/2022 21:03:10;
Alex;05/05/2022 21:03:24;05/05/2022 21:04:49;
Alex;05/05/2022 21:04:59;05/05/2022 21:05:17;
Alexx;05/05/2022 21:05:28Alexx;05/05/2022 21:06:58;05/05/2022 21:07:05;
Alexx;05/05/2022 21:07:14;05/05/2022 21:07:18;
Alexx;05/05/2022 21:07:22;05/05/2022 21:07:23;
Alexx;05/05/2022 21:07:53;05/05/2022 21:08:11;
;05/05/2022 21:08:11;
Alexx;05/05/2022 21:08:15;05/05/2022 21:08:43;
Alexx;05/05/2022 21:08:47;05/05/2022 21:09:05;
Alexx;05/05/2022 21:09:08;05/05/2022 21:09:26;
Alexx;05/05/2022 21:09:30Alexx;05/05/2022 21:13:54Alexx;05/05/2022 21:14:29Alexx;05/05/2022 21:17:37;05/05/2022 21:17:48;
Alexx;05/05/2022 21:17:59;05/05/2022 21:18:09;
Alexx;05/05/2022 21:19:10;05/05/2022 21:19:17;
Alexx;05/05/2022 21:19:34;05/05/2022 21:19:40;
Alexx;05/05/2022 21:19:48;05/05/2022 21:20:00;
Alexx;05/05/2022 21:20:05;05/05/2022 21:21:35;
Alexx;05/05/2022 21:21:39;05/05/2022 21:22:23;
Alexx;05/05/2022 21:22:28;05/05/2022 21:22:56;
Alexx;05/05/2022 21:23:00;05/05/2022 21:23:07;
Alexx;05/05/2022 21:23:11;05/05/2022 21:23:19;
Alexx;05/05/2022 21:23:24;05/05/2022 21:24:12;
Alexx;05/05/2022 21:40:32Alexx;05/05/2022 21:46:26Alexx;05/05/2022 21:48:25Alexx;05/05/2022 21:50:59Alexx;05/05/2022 21:53:18;05/05/2022 21:53:36;
Alexx;05/05/2022 21:53:41;05/05/2022 21:56:37;
Alexx;05/05/2022 21:58:10;05/05/2022 21:58:34;
Alexx;05/05/2022 21:58:38;05/05/2022 21:58:53;
Alexx;05/05/2022 21:59:52;05/05/2022 22:00:06;
Alexx;05/05/2022 22:02:26;05/05/2022 22:02:37;
Alexx;05/05/2022 22:02:40;05/05/2022 22:02:53;
Alexx;07/05/2022 11:13:12Alexx;07/05/2022 11:20:35Alexx;07/05/2022 11:21:12Alexx;07/05/2022 11:22:55Emple1;07/05/2022 14:00:56;07/05/2022 14:07:37;
Emple1;07/05/2022 14:15:34;07/05/2022 14:15:36;
Molina;07/05/2022 14:16:43;07/05/2022 14:16:54;
Molina;07/05/2022 15:38:21;07/05/2022 15:38:23;
Alexx;07/05/2022 15:54:49Alexx;07/05/2022 15:56:03Alexx;07/05/2022 15:58:31;07/05/2022 15:58:34;
Alexx;07/05/2022 16:04:55Alexx;07/05/2022 16:13:38;07/05/2022 16:13:41;
Alexx;07/05/2022 16:16:19;07/05/2022 16:16:22;
Alexx;07/05/2022 16:22:37;07/05/2022 16:26:08;
Alexx;07/05/2022 19:50:15;07/05/2022 19:50:20;
Alexx;07/05/2022 19:54:20Alexx;07/05/2022 22:38:33;07/05/2022 22:38:42;
Alexx;07/05/2022 22:49:48;07/05/2022 22:49:50;
Alexx;08/05/2022 0:12:13;08/05/2022 0:12:16;
Alexx;08/05/2022 0:12:26;08/05/2022 0:12:29;
Alexx;08/05/2022 0:21:05;08/05/2022 0:21:54;
;08/05/2022 0:21:54;
Molina;08/05/2022 0:22:12;08/05/2022 0:22:38;
Molina;08/05/2022 0:22:44;08/05/2022 0:22:46;
Molina;08/05/2022 0:25:23;08/05/2022 0:25:25;
Molina;08/05/2022 0:25:32;08/05/2022 0:25:34;
Molina;08/05/2022 0:25:56;08/05/2022 0:26:28;
juli;08/05/2022 0:26:55;08/05/2022 0:26:58;
juli;08/05/2022 0:27:13juli;08/05/2022 0:27:46juli;08/05/2022 0:28:25juli;08/05/2022 0:29:31juli;08/05/2022 0:32:21juli;08/05/2022 0:32:54juli;08/05/2022 0:37:31juli;08/05/2022 0:42:36juli;08/05/2022 0:56:04juli;08/05/2022 0:58:28juli;08/05/2022 1:03:23;08/05/2022 1:03:26;
juli;08/05/2022 1:03:35juli;08/05/2022 1:04:19juli;08/05/2022 1:05:08juli;08/05/2022 1:09:56juli;08/05/2022 1:10:28juli;08/05/2022 1:12:53juli;08/05/2022 1:17:06juli;08/05/2022 1:17:27juli;08/05/2022 1:18:35juli;08/05/2022 1:19:47;08/05/2022 1:20:19;
juli;08/05/2022 1:20:25juli;08/05/2022 1:20:43juli;08/05/2022 1:21:38juli;08/05/2022 1:21:55juli;08/05/2022 8:58:21juli;08/05/2022 9:06:02juli;08/05/2022 9:06:17juli;08/05/2022 9:09:13juli;08/05/2022 9:10:42juli;08/05/2022 9:11:37juli;08/05/2022 9:11:58juli;08/05/2022 9:12:24juli;08/05/2022 9:12:38juli;08/05/2022 9:14:51juli;08/05/2022 9:15:12juli;08/05/2022 9:16:04juli;08/05/2022 9:16:21juli;08/05/2022 9:16:32juli;08/05/2022 9:16:51juli;08/05/2022 9:19:43juli;08/05/2022 9:21:46;08/05/2022 9:22:27;
juli;08/05/2022 9:22:32juli;08/05/2022 9:26:13juli;08/05/2022 9:35:01juli;08/05/2022 9:35:15juli;08/05/2022 9:36:31juli;08/05/2022 9:36:59;08/05/2022 9:37:24;
juli;08/05/2022 9:37:28;08/05/2022 9:37:47;
juli;08/05/2022 9:37:50;08/05/2022 9:38:07;
juli;08/05/2022 9:38:11juli;08/05/2022 9:39:01juli;08/05/2022 9:40:09juli;08/05/2022 9:40:24;08/05/2022 9:41:29;
juli;08/05/2022 9:41:33juli;08/05/2022 9:42:13juli;08/05/2022 9:43:02juli;08/05/2022 9:44:27juli;08/05/2022 9:44:43juli;08/05/2022 9:45:41juli;08/05/2022 9:46:06;08/05/2022 9:47:08;
juli;08/05/2022 9:48:25juli;08/05/2022 9:49:58juli;08/05/2022 9:50:16juli;08/05/2022 9:50:23juli;08/05/2022 9:50:54juli;08/05/2022 9:51:19juli;08/05/2022 9:52:51juli;08/05/2022 9:53:32juli;08/05/2022 9:55:00juli;08/05/2022 9:55:20juli;08/05/2022 9:59:52juli;08/05/2022 10:02:07;08/05/2022 10:02:40;
juli;08/05/2022 10:02:48juli;08/05/2022 10:04:22juli;08/05/2022 10:08:48juli;08/05/2022 10:09:20juli;08/05/2022 10:09:59;08/05/2022 10:10:24;
juli;08/05/2022 10:10:36juli;08/05/2022 10:12:03juli;08/05/2022 10:13:42;08/05/2022 10:13:57;
juli;08/05/2022 10:14:01juli;08/05/2022 10:18:47;08/05/2022 10:18:58;
juli;08/05/2022 10:19:03juli;08/05/2022 10:21:31juli;08/05/2022 10:28:34;08/05/2022 10:28:46;
Alexx;08/05/2022 10:28:52;08/05/2022 10:29:04;
Molina;08/05/2022 10:29:09Molina;08/05/2022 10:32:34;08/05/2022 10:32:41;
Alexx;08/05/2022 10:32:48Alexx;08/05/2022 10:38:03Alexx;08/05/2022 10:40:34Alexx;08/05/2022 10:42:22Alexx;08/05/2022 10:42:39Alexx;08/05/2022 10:44:03Alexx;08/05/2022 10:46:28;08/05/2022 10:47:09;
Alexx;08/05/2022 10:52:36Alexx;08/05/2022 10:55:44Alexx;08/05/2022 10:56:09Alexx;08/05/2022 10:56:33Alexx;08/05/2022 10:57:01Alexx;08/05/2022 10:57:47Alexx;08/05/2022 10:59:06Alexx;08/05/2022 11:00:24Alexx;08/05/2022 11:01:59;08/05/2022 11:02:12;
Alexx;08/05/2022 11:02:18Alexx;08/05/2022 11:03:05Alexx;08/05/2022 11:06:13Alexx;08/05/2022 11:08:09Alexx;08/05/2022 11:11:01Alexx;08/05/2022 11:13:31Alexx;08/05/2022 11:15:37Alexx;08/05/2022 11:16:48Alexx;08/05/2022 11:17:06Alexx;08/05/2022 11:18:31Alexx;08/05/2022 11:20:00Alexx;08/05/2022 11:20:30Alexx;08/05/2022 11:23:06Alexx;08/05/2022 11:23:37Alexx;08/05/2022 11:26:52;08/05/2022 11:27:06;
Alexx;08/05/2022 11:27:34Alexx;08/05/2022 11:41:40Alexx;08/05/2022 11:50:25Alexx;08/05/2022 11:50:51;08/05/2022 11:51:25;
Alexx;08/05/2022 11:51:28;08/05/2022 11:52:02;
Alexx;08/05/2022 11:53:46;08/05/2022 11:53:52;
Alexx;08/05/2022 11:54:55;08/05/2022 11:55:09;
Alexx;08/05/2022 11:55:13Alexx;08/05/2022 11:57:08Alexx;08/05/2022 11:59:15Alexx;08/05/2022 12:01:42Alexx;08/05/2022 12:03:46Alexx;08/05/2022 12:12:17Alexx;08/05/2022 12:16:17Alexx;08/05/2022 12:18:55Alexx;08/05/2022 12:21:51Alexx;08/05/2022 12:22:03Alexx;08/05/2022 12:22:35Alexx;08/05/2022 12:24:29Alexx;08/05/2022 12:24:48Alexx;08/05/2022 12:25:02Alexx;08/05/2022 12:25:53;08/05/2022 12:27:07;
Alexx;08/05/2022 12:27:10;08/05/2022 12:27:39;
Alexx;08/05/2022 12:28:59;08/05/2022 12:37:15;
Alexx;08/05/2022 12:38:30;08/05/2022 12:39:14;
Alexx;08/05/2022 12:40:01;08/05/2022 12:40:16;
Alexx;08/05/2022 12:40:34;08/05/2022 12:41:08;
Alexx;08/05/2022 12:41:33;08/05/2022 12:42:10;
Alexx;08/05/2022 12:42:27;08/05/2022 12:42:31;
Alexx;08/05/2022 12:48:20;08/05/2022 12:48:59;
Alexx;08/05/2022 12:50:20;08/05/2022 12:51:04;
Alexx;08/05/2022 12:52:03;08/05/2022 12:52:23;
Alexx;08/05/2022 12:53:04;08/05/2022 12:53:25;
Alexx;08/05/2022 12:53:39;08/05/2022 12:54:01;
Alexx;08/05/2022 12:56:01;08/05/2022 12:56:06;
Alexx;08/05/2022 13:08:29;08/05/2022 13:08:48;
Alexx;08/05/2022 13:10:50Alexx;08/05/2022 13:11:04;08/05/2022 13:11:16;
Alexx;08/05/2022 13:11:43;08/05/2022 13:11:58;
Alexx;08/05/2022 13:12:24;08/05/2022 13:12:40;
Alexx;08/05/2022 13:13:11Alexx;08/05/2022 13:14:42;08/05/2022 13:15:06;
Alexx;08/05/2022 13:16:30;08/05/2022 13:17:01;
Alexx;08/05/2022 13:18:39;08/05/2022 13:19:27;
Alexx;08/05/2022 13:20:00;08/05/2022 13:20:10;
Alexx;08/05/2022 13:20:38;08/05/2022 13:20:47;
Alexx;08/05/2022 13:24:23;08/05/2022 13:24:48;
Alexx;08/05/2022 13:25:44;08/05/2022 13:26:04;
Alexx;08/05/2022 13:26:38;08/05/2022 13:26:43;
Alexx;08/05/2022 13:26:57;08/05/2022 13:27:06;
Alexx;08/05/2022 13:27:42;08/05/2022 13:28:01;
Alexx;08/05/2022 13:28:36;08/05/2022 13:28:45;
Alexx;08/05/2022 13:28:58;08/05/2022 13:30:05;
Alexx;08/05/2022 13:33:21;08/05/2022 13:33:29;
Alexx;08/05/2022 13:33:41;08/05/2022 13:33:49;
Alexx;08/05/2022 13:36:18;08/05/2022 13:36:25;
Alexx;08/05/2022 13:37:35;08/05/2022 13:37:42;
Alexx;08/05/2022 13:46:59;08/05/2022 13:47:25;
Alexx;08/05/2022 13:47:42;08/05/2022 13:47:54;
Alexx;08/05/2022 13:55:24;08/05/2022 13:55:27;
Alexx;08/05/2022 13:55:58;08/05/2022 13:56:22;
Alexx;08/05/2022 13:56:41;08/05/2022 13:56:49;
Alexx;08/05/2022 13:58:56;08/05/2022 13:59:14;
Alexx;08/05/2022 13:59:39Alexx;08/05/2022 14:01:11;08/05/2022 14:01:58;
Alexx;08/05/2022 14:02:37;08/05/2022 14:02:55;
Alexx;08/05/2022 14:03:23;08/05/2022 14:03:52;
Alexx;08/05/2022 14:04:28;08/05/2022 14:04:36;
Alexx;08/05/2022 14:04:39;08/05/2022 14:04:49;
Alexx;08/05/2022 14:05:02;08/05/2022 14:05:10;
Alexx;08/05/2022 14:10:35;08/05/2022 14:10:43;
Alexx;08/05/2022 14:10:52;08/05/2022 14:10:58;
Alexx;08/05/2022 14:11:14;08/05/2022 14:11:18;
Alexx;08/05/2022 14:11:28;08/05/2022 14:11:35;
Alexx;08/05/2022 14:12:48Alexx;08/05/2022 14:13:23;08/05/2022 14:13:30;
Alexx;08/05/2022 14:13:52;08/05/2022 14:14:19;
Alexx;08/05/2022 14:16:25;08/05/2022 14:16:49;
Alexx;08/05/2022 14:17:05;08/05/2022 14:17:12;
Alexx;08/05/2022 14:17:38;08/05/2022 14:17:46;
Alexx;08/05/2022 14:17:58;08/05/2022 14:18:40;
Alexx;08/05/2022 14:19:07;08/05/2022 14:19:22;
Alexx;08/05/2022 14:19:41;08/05/2022 14:20:30;
Alexx;08/05/2022 14:24:15;08/05/2022 14:24:42;
Alexx;08/05/2022 15:58:10;08/05/2022 16:02:23;
Alexx;08/05/2022 16:05:22;08/05/2022 16:05:35;
Alexx;08/05/2022 16:30:23;08/05/2022 16:30:27;
Alexx;08/05/2022 16:32:56;08/05/2022 16:43:21;
Alexx;08/05/2022 17:09:43;08/05/2022 17:14:44;
Alexx;08/05/2022 17:40:22;08/05/2022 17:40:28;
Alexx;08/05/2022 17:40:40;08/05/2022 17:40:58;
Alexx;08/05/2022 17:43:19;08/05/2022 17:43:40;
Alexx;08/05/2022 17:45:30;08/05/2022 17:45:38;
Alexx;08/05/2022 17:46:11;08/05/2022 17:46:18;
Alexx;08/05/2022 17:50:28Alexx;08/05/2022 18:02:09Alexx;08/05/2022 18:08:50Alexx;08/05/2022 18:36:22;08/05/2022 18:36:53;
Alexx;08/05/2022 19:09:49;08/05/2022 19:10:09;
Alexx;08/05/2022 19:12:20;08/05/2022 19:16:11;
Alexx;08/05/2022 19:18:10;08/05/2022 19:18:22;
Alexx;08/05/2022 19:18:56;08/05/2022 19:19:03;
Alexx;08/05/2022 19:37:34;08/05/2022 19:38:18;
Alexx;08/05/2022 20:21:17Alexx;08/05/2022 20:22:01;08/05/2022 20:22:05;
Alexx;08/05/2022 20:22:26;08/05/2022 20:22:39;
Alexx;08/05/2022 20:30:18;08/05/2022 20:30:27;
Alexx;08/05/2022 20:30:53;08/05/2022 20:31:43;
Alexx;08/05/2022 20:31:47;08/05/2022 20:41:23;
Alexx;08/05/2022 20:41:43;08/05/2022 20:42:15;
Alexx;08/05/2022 20:45:46;08/05/2022 20:46:23;
Alexx;09/05/2022 18:07:03;09/05/2022 18:11:48;
Alexx;09/05/2022 18:33:01;09/05/2022 18:33:35;
Alexx;09/05/2022 18:33:48;09/05/2022 18:33:51;
Alexx;09/05/2022 18:34:08;09/05/2022 18:34:14;
Alexx;09/05/2022 18:34:30;09/05/2022 18:34:38;
Alexx;09/05/2022 18:34:57;09/05/2022 18:35:23;
Alexx;09/05/2022 18:55:43;09/05/2022 18:55:51;
Alexx;09/05/2022 18:56:49;09/05/2022 18:56:53;
Alexx;09/05/2022 18:57:08;09/05/2022 18:57:22;
Alexx;09/05/2022 19:02:13;09/05/2022 19:02:32;
Alexx;09/05/2022 19:03:25;09/05/2022 19:03:40;
Alexx;09/05/2022 19:04:14;09/05/2022 19:04:23;
Alexx;09/05/2022 19:04:34;09/05/2022 19:04:44;
Alexx;09/05/2022 19:10:07;09/05/2022 19:10:12;
Alexx;09/05/2022 19:24:47;09/05/2022 19:24:52;
Alexx;09/05/2022 19:26:48Alexx;09/05/2022 19:27:01;09/05/2022 19:27:05;
Alexx;09/05/2022 19:27:28;09/05/2022 19:27:38;
Alexx;09/05/2022 19:29:21;09/05/2022 19:29:28;
Alexx;09/05/2022 19:30:09;09/05/2022 19:30:16;
Alexx;09/05/2022 19:33:04;09/05/2022 19:33:18;
Alexx;09/05/2022 19:34:39;09/05/2022 19:34:52;
Alexx;09/05/2022 19:35:10;09/05/2022 19:35:17;
Alexx;09/05/2022 19:37:03;09/05/2022 19:37:20;
Alexx;09/05/2022 19:37:31;09/05/2022 19:37:51;
Alexx;09/05/2022 19:38:51;09/05/2022 19:39:00;
Alexx;09/05/2022 19:39:09;09/05/2022 19:39:17;
Alexx;09/05/2022 19:40:13;09/05/2022 19:40:17;
Alexx;09/05/2022 19:40:31;09/05/2022 19:40:44;
Alexx;09/05/2022 19:40:58;09/05/2022 19:41:03;
Alexx;09/05/2022 19:41:14;09/05/2022 19:41:17;
Alexx;09/05/2022 19:41:26;09/05/2022 19:41:42;
Alexx;09/05/2022 19:42:06;09/05/2022 19:42:11;
Alexx;09/05/2022 19:42:21;09/05/2022 19:42:33;
Alexx;09/05/2022 19:42:40;09/05/2022 19:42:48;
Alexx;09/05/2022 19:42:57;09/05/2022 19:43:13;
Alexx;09/05/2022 19:43:37;09/05/2022 19:43:51;
Alexx;09/05/2022 19:44:03;09/05/2022 19:44:09;
Alexx;09/05/2022 19:44:19;09/05/2022 19:44:23;
Alexx;09/05/2022 19:44:34;09/05/2022 19:44:38;
Alexx;09/05/2022 19:45:05;09/05/2022 19:45:09;
Alexx;09/05/2022 19:45:20;09/05/2022 19:45:23;
Alexx;09/05/2022 19:45:32;09/05/2022 19:45:41;
Alexx;09/05/2022 19:46:33;09/05/2022 19:46:42;
Alexx;09/05/2022 19:46:48;09/05/2022 19:46:51;
Alexx;09/05/2022 19:46:58;09/05/2022 19:47:08;
Alexx;09/05/2022 19:47:16;09/05/2022 19:47:19;
Alexx;09/05/2022 19:47:55;09/05/2022 19:47:57;
Alexx;09/05/2022 19:48:05;09/05/2022 19:48:11;
Alexx;09/05/2022 19:48:19;09/05/2022 19:48:22;
Alexx;09/05/2022 19:48:38;09/05/2022 19:48:55;
Alexx;09/05/2022 19:49:06;09/05/2022 19:49:15;
Alexx;09/05/2022 19:49:23;09/05/2022 19:49:28;
Alexx;09/05/2022 19:49:37;09/05/2022 19:49:46;
Alexx;09/05/2022 19:50:01;09/05/2022 19:50:15;
Alexx;09/05/2022 19:50:25;09/05/2022 19:50:35;
Alexx;09/05/2022 19:51:56;09/05/2022 19:52:03;
Alexx;09/05/2022 19:53:02;09/05/2022 19:53:05;
Alexx;09/05/2022 19:53:40;09/05/2022 19:53:43;
Alexx;09/05/2022 19:54:31;09/05/2022 19:54:35;
Alexx;09/05/2022 19:54:53;09/05/2022 19:55:15;
Alexx;09/05/2022 19:55:59;09/05/2022 19:56:04;
Alexx;09/05/2022 19:56:17;09/05/2022 19:56:25;
Alexx;09/05/2022 19:58:56;09/05/2022 19:58:58;
Alexx;09/05/2022 19:59:15;09/05/2022 19:59:20;
Alexx;09/05/2022 19:59:29;09/05/2022 20:01:02;
Alexx;09/05/2022 20:01:25;09/05/2022 20:01:49;
Alexx;09/05/2022 20:01:59;09/05/2022 20:02:41;
Alexx;09/05/2022 20:44:05;09/05/2022 20:44:09;
Alexx;09/05/2022 20:50:32;09/05/2022 20:50:41;
Alexx;09/05/2022 20:50:54;09/05/2022 20:51:04;
Alexx;09/05/2022 21:04:33;09/05/2022 21:04:58;
Alexx;09/05/2022 21:07:33;09/05/2022 21:07:36;
Alexx;09/05/2022 21:07:46;09/05/2022 21:07:51;
Alexx;09/05/2022 21:08:30;09/05/2022 21:08:56;
Alexx;09/05/2022 21:14:37;09/05/2022 21:14:43;
Alexx;09/05/2022 21:15:42;09/05/2022 21:30:42;
Alexx;09/05/2022 21:31:12;09/05/2022 21:31:36;
Alexx;09/05/2022 21:52:58Alexx;09/05/2022 21:54:50;09/05/2022 21:55:08;
Alexx;09/05/2022 21:55:49;09/05/2022 21:56:03;
Alexx;09/05/2022 21:56:31Alexx;09/05/2022 22:18:41;09/05/2022 22:18:47;
Alexx;09/05/2022 22:18:57;09/05/2022 22:19:05;
Alexx;09/05/2022 22:19:21Alexx;09/05/2022 22:19:58;09/05/2022 22:25:36;
Alexx;09/05/2022 22:28:41;09/05/2022 22:29:09;
Alexx;09/05/2022 22:29:28;09/05/2022 22:29:46;
Alexx;09/05/2022 22:30:09;09/05/2022 22:30:38;
